날짜,종가,전일비,등락율,거래량,개인,기관,외국인,금융투자,보험,투신,은행,기타금융,연기금,사모펀드,국가지자체,기타법인,기타외국인,개인누적,기관누적,외국인누적,금투누적,투신누적,연기금누적
2020-06-01,51200.0,500.0,,16289568.0,-1859511.0,2104912.0,-39405.0,795040.0,274522.0,93773.0,17922.0,-34554.0,921107.0,37102.0,0.0,-190526.0,-15470.0,-1859511.0,2104912.0,-39405.0,795040.0,93773.0,921107.0
2020-06-02,51400.0,200.0,0.00390625,13764485.0,-560690.0,873157.0,-357253.0,81149.0,568419.0,48140.0,7572.0,-1260.0,108237.0,60900.0,0.0,24180.0,20606.0,-2420201.0,2978069.0,-396658.0,876189.0,141913.0,1029344.0
2020-06-03,54500.0,3100.0,0.060311284046692615,48817627.0,-12644642.0,9757786.0,3271861.0,6464027.0,1568929.0,1297994.0,-54218.0,-28639.0,42381.0,467312.0,0.0,-354941.0,-30064.0,-15064843.0,12735855.0,2875203.0,7340216.0,1439907.0,1071725.0
2020-06-04,54600.0,100.0,0.0018348623853210455,40088343.0,-3179569.0,1604890.0,1678893.0,2894351.0,-297073.0,279363.0,-9337.0,28892.0,-1572203.0,280897.0,0.0,-70151.0,-34063.0,-18244412.0,14340745.0,4554096.0,10234567.0,1719270.0,-500478.0
2020-06-05,55500.0,900.0,0.016483516483516425,22402378.0,-2638431.0,2869587.0,-184385.0,2291970.0,108763.0,1044160.0,6651.0,-18200.0,-525779.0,-37978.0,0.0,-25417.0,-21354.0,-20882843.0,17210332.0,4369711.0,12526537.0,2763430.0,-1026257.0
2020-06-08,54900.0,-600.0,-0.010810810810810811,24555972.0,2852709.0,-1098871.0,-1650246.0,-723060.0,-67082.0,728799.0,32155.0,53610.0,-1144027.0,20734.0,0.0,-121115.0,17523.0,-18030134.0,16111461.0,2719465.0,11803477.0,3492229.0,-2170284.0
2020-06-09,55500.0,600.0,0.010928961748633892,23896346.0,1583650.0,-2664421.0,1084062.0,-2038233.0,59390.0,192163.0,-4210.0,-26047.0,-888831.0,41347.0,0.0,-34365.0,31074.0,-16446484.0,13447040.0,3803527.0,9765244.0,3684392.0,-3059115.0
2020-06-10,55400.0,-100.0,-0.0018018018018017834,16645228.0,-821486.0,1047552.0,-346584.0,1350833.0,-127769.0,511500.0,1455.0,-51350.0,-491036.0,-146081.0,0.0,111005.0,9513.0,-17267970.0,14494592.0,3456943.0,11116077.0,4195892.0,-3550151.0
2020-06-11,54300.0,-1100.0,-0.019855595667869985,33590034.0,8128591.0,-6644281.0,-1589570.0,-2895909.0,-229122.0,-734122.0,-606772.0,14764.0,-1675309.0,-517811.0,0.0,98380.0,6880.0,-9139379.0,7850311.0,1867373.0,8220168.0,3461770.0,-5225460.0
2020-06-12,52300.0,-2000.0,-0.036832412523020275,26385895.0,2540437.0,-1739436.0,-825196.0,-637309.0,-86788.0,-138309.0,-19769.0,-12148.0,-442293.0,-402820.0,0.0,7474.0,16721.0,-6598942.0,6110875.0,1042177.0,7582859.0,3323461.0,-5667753.0
2020-06-15,49900.0,-2400.0,-0.04588910133843216,28248716.0,5454906.0,-3913169.0,-1591885.0,-2098778.0,-97898.0,-313496.0,-8769.0,44549.0,-1095541.0,-343236.0,0.0,33361.0,16787.0,-1144036.0,2197706.0,-549708.0,5484081.0,3009965.0,-6763294.0
2020-06-16,52100.0,2200.0,0.044088176352705455,21490637.0,-982400.0,3162969.0,-2239647.0,2522272.0,-53530.0,-280.0,-2102.0,19562.0,738532.0,-61485.0,0.0,62979.0,-3901.0,-2126436.0,5360675.0,-2789355.0,8006353.0,3009685.0,-6024762.0
2020-06-17,52200.0,100.0,0.0019193857965451588,26570347.0,-1687654.0,-190439.0,1748918.0,-916044.0,-47380.0,-129314.0,-3726.0,-39024.0,872665.0,72384.0,0.0,134122.0,-4947.0,-3814090.0,5170236.0,-1040437.0,7090309.0,2880371.0,-5152097.0
2020-06-18,52300.0,100.0,0.0019157088122605526,15826106.0,176079.0,-394225.0,266463.0,-490988.0,-114020.0,112493.0,3835.0,-78200.0,128033.0,44622.0,0.0,-54687.0,6370.0,-3638011.0,4776011.0,-773974.0,6599321.0,2992864.0,-5024064.0
2020-06-19,52900.0,600.0,0.011472275334607929,17484271.0,-1465175.0,-500078.0,1968802.0,-431912.0,47237.0,10627.0,-29391.0,-20220.0,68171.0,-144590.0,0.0,-5886.0,2337.0,-5103186.0,4275933.0,1194828.0,6167409.0,3003491.0,-4955893.0
2020-06-22,52000.0,-900.0,-0.017013232514177745,13551338.0,1276985.0,-30261.0,-1395681.0,103216.0,53306.0,74070.0,-51065.0,36180.0,-199161.0,-46807.0,0.0,140627.0,8330.0,-3826201.0,4245672.0,-200853.0,6270625.0,3077561.0,-5155054.0
2020-06-23,51400.0,-600.0,-0.011538461538461497,17946655.0,2261416.0,-1633093.0,-520561.0,-660427.0,-133046.0,-234454.0,-57840.0,-473.0,-354437.0,-192416.0,0.0,-111259.0,3497.0,-1564785.0,2612579.0,-721414.0,5610198.0,2843107.0,-5509491.0
2020-06-24,52900.0,1500.0,0.029182879377431803,24394445.0,-4515123.0,1351961.0,2833536.0,327648.0,10689.0,548320.0,97133.0,-60779.0,284551.0,144399.0,0.0,342233.0,-12607.0,-6079908.0,3964540.0,2112122.0,5937846.0,3391427.0,-5224940.0
2020-06-25,51900.0,-1000.0,-0.018903591682419618,18354227.0,2003429.0,-3809552.0,1594014.0,-3399026.0,3624.0,-201569.0,25283.0,-27510.0,-10683.0,-199671.0,0.0,185761.0,26348.0,-4076479.0,154988.0,3706136.0,2538820.0,3189858.0,-5235623.0
2020-06-26,53300.0,1400.0,0.026974951830443183,21424756.0,-3737588.0,1451894.0,2277105.0,102382.0,95086.0,119301.0,24092.0,-47757.0,1009337.0,149453.0,0.0,12202.0,-3613.0,-7814067.0,1606882.0,5983241.0,2641202.0,3309159.0,-4226286.0
2020-06-29,52400.0,-900.0,-0.016885553470919357,17715171.0,1506272.0,-882828.0,-539375.0,-859144.0,-27531.0,169917.0,7953.0,1178.0,-139923.0,-35278.0,0.0,-86551.0,2482.0,-6307795.0,724054.0,5443866.0,1782058.0,3479076.0,-4366209.0
2020-06-30,52800.0,400.0,0.007633587786259444,21057947.0,-2873582.0,1240703.0,1632651.0,580388.0,75957.0,200320.0,3731.0,-1349.0,328511.0,53145.0,0.0,11918.0,-11690.0,-9181377.0,1964757.0,7076517.0,2362446.0,3679396.0,-4037698.0
2020-07-01,52600.0,-200.0,-0.0037878787878787845,16641775.0,1291893.0,440876.0,-1701565.0,882516.0,16546.0,26745.0,0.0,51.0,-282293.0,-202689.0,0.0,-42824.0,11620.0,-7889484.0,2405633.0,5374952.0,3244962.0,3706141.0,-4319991.0
2020-07-02,52900.0,300.0,0.005703422053231932,13302388.0,567828.0,-485402.0,-89176.0,443112.0,-22629.0,-143100.0,11603.0,40826.0,-464733.0,-350481.0,0.0,4158.0,2592.0,-7321656.0,1920231.0,5285776.0,3688074.0,3563041.0,-4784724.0
2020-07-03,53600.0,700.0,0.013232514177693666,11850846.0,-2616359.0,991663.0,1635492.0,600525.0,-91229.0,-142071.0,24500.0,2136.0,573034.0,24768.0,0.0,-762.0,-10034.0,-9938015.0,2911894.0,6921268.0,4288599.0,3420970.0,-4211690.0
2020-07-06,55000.0,1400.0,0.026119402985074647,19736200.0,-5751614.0,4352009.0,1363620.0,3501911.0,121638.0,160954.0,9936.0,2813.0,194661.0,360096.0,0.0,52947.0,-16962.0,-15689629.0,7263903.0,8284888.0,7790510.0,3581924.0,-4017029.0
2020-07-07,53400.0,-1600.0,-0.029090909090909056,30389507.0,4844140.0,-4027874.0,-624673.0,-1911651.0,-110318.0,-376475.0,21927.0,-9389.0,-1087233.0,-554735.0,0.0,-193558.0,1965.0,-10845489.0,3236029.0,7660215.0,5878859.0,3205449.0,-5104262.0
2020-07-08,53000.0,-400.0,-0.0074906367041198685,19417907.0,1571922.0,-1462404.0,-221473.0,-1206923.0,-74663.0,-315078.0,-16444.0,-38828.0,463663.0,-274131.0,0.0,109017.0,2938.0,-9273567.0,1773625.0,7438742.0,4671936.0,2890371.0,-4640599.0
2020-07-09,52800.0,-200.0,-0.0037735849056603765,16707064.0,788336.0,-2310676.0,1510357.0,-2192782.0,17532.0,-133892.0,2891.0,6374.0,12712.0,-23511.0,0.0,16914.0,-4931.0,-8485231.0,-537051.0,8949099.0,2479154.0,2756479.0,-4627887.0
2020-07-10,52700.0,-100.0,-0.0018939393939394478,13650521.0,2123087.0,-3606592.0,1597059.0,-2492942.0,-70344.0,-134790.0,-2810.0,-10158.0,-801673.0,-93875.0,0.0,-124911.0,11357.0,-6362144.0,-4143643.0,10546158.0,-13788.0,2621689.0,-5429560.0
2020-07-13,53400.0,700.0,0.013282732447817747,12005193.0,-2190609.0,1092235.0,1085629.0,377109.0,-51516.0,33667.0,0.0,-50252.0,818352.0,-35125.0,0.0,15695.0,-2950.0,-8552753.0,-3051408.0,11631787.0,363321.0,2655356.0,-4611208.0
2020-07-14,53800.0,400.0,0.0074906367041198685,14195933.0,-714317.0,-1594248.0,2298828.0,-961358.0,-154684.0,26880.0,179.0,1087.0,-508262.0,1910.0,0.0,13037.0,-3300.0,-9267070.0,-4645656.0,13930615.0,-598037.0,2682236.0,-5119470.0
2020-07-15,54700.0,900.0,0.016728624535315983,22042896.0,-7210860.0,2197617.0,5427340.0,2413655.0,-232108.0,78658.0,4058.0,4260.0,-149917.0,79011.0,0.0,-412254.0,-1843.0,-16477930.0,-2448039.0,19357955.0,1815618.0,2760894.0,-5269387.0
2020-07-16,53800.0,-900.0,-0.01645338208409508,15050096.0,836800.0,16431.0,-1202048.0,354810.0,-59997.0,-194969.0,911.0,64492.0,-146263.0,-2553.0,0.0,342678.0,6139.0,-15641130.0,-2431608.0,18155907.0,2170428.0,2565925.0,-5415650.0
2020-07-17,54400.0,600.0,0.011152416356877248,10043101.0,-1591010.0,353214.0,1522356.0,127335.0,140404.0,66585.0,20591.0,-7402.0,8112.0,-2411.0,0.0,-280012.0,-4548.0,-17232140.0,-2078394.0,19678263.0,2297763.0,2632510.0,-5407538.0
2020-07-20,54200.0,-200.0,-0.003676470588235281,10418879.0,-111321.0,-1181074.0,1129663.0,-897306.0,-264308.0,-28163.0,6163.0,111324.0,45982.0,-154766.0,0.0,158733.0,3999.0,-17343461.0,-3259468.0,20807926.0,1400457.0,2604347.0,-5361556.0
2020-07-21,55300.0,1100.0,0.02029520295202958,18197660.0,-6869273.0,1545370.0,5693182.0,2040097.0,-54795.0,-218337.0,-74683.0,0.0,190129.0,-337041.0,0.0,-357434.0,-11845.0,-24212734.0,-1714098.0,26501108.0,3440554.0,2386010.0,-5171427.0
2020-07-22,54700.0,-600.0,-0.010849909584086825,12624548.0,1182543.0,-920894.0,-391211.0,-379121.0,28062.0,-221728.0,5360.0,0.0,-208162.0,-145305.0,0.0,132430.0,-2868.0,-23030191.0,-2634992.0,26109897.0,3061433.0,2164282.0,-5379589.0
2020-07-23,54100.0,-600.0,-0.010968921389396757,15920359.0,3941077.0,-2752215.0,-1277089.0,-1700381.0,-56077.0,-354786.0,-727.0,36298.0,-472070.0,-204472.0,0.0,76890.0,11337.0,-19089114.0,-5387207.0,24832808.0,1361052.0,1809496.0,-5851659.0
2020-07-24,54200.0,100.0,0.001848428835489857,10910178.0,-250409.0,-1004039.0,1390304.0,-391624.0,-137768.0,-110040.0,-871.0,-18297.0,-305733.0,-39706.0,0.0,-143387.0,7531.0,-19339523.0,-6391246.0,26223112.0,969428.0,1699456.0,-6157392.0
2020-07-27,55600.0,1400.0,0.02583025830258312,20827997.0,-8663946.0,1577620.0,7030481.0,1283779.0,16514.0,30881.0,6369.0,-51460.0,-26491.0,318028.0,0.0,143844.0,-87999.0,-28003469.0,-4813626.0,33253593.0,2253207.0,1730337.0,-6183883.0
2020-07-28,58600.0,3000.0,0.05395683453237421,48035415.0,-15607253.0,291851.0,15917642.0,-183878.0,-291848.0,307336.0,-34473.0,-8832.0,311392.0,192154.0,0.0,-549729.0,-52511.0,-43610722.0,-4521775.0,49171235.0,2069329.0,2037673.0,-5872491.0
2020-07-29,59000.0,400.0,0.006825938566553003,36149364.0,-3203012.0,-1473561.0,4824113.0,-797508.0,-72075.0,155999.0,-4669.0,-37186.0,-477360.0,-240762.0,0.0,-89039.0,-58501.0,-46813734.0,-5995336.0,53995348.0,1271821.0,2193672.0,-6349851.0
2020-07-30,59000.0,0.0,0.0,19190090.0,-450917.0,-1024228.0,1579114.0,91647.0,34477.0,-144111.0,-25000.0,-22495.0,-925169.0,-33577.0,0.0,-100865.0,-3104.0,-47264651.0,-7019564.0,55574462.0,1363468.0,2049561.0,-7275020.0
2020-07-31,57900.0,-1100.0,-0.01864406779661021,21873570.0,3388191.0,-2190946.0,-1325711.0,-1536363.0,-50428.0,-156276.0,39.0,-101492.0,-296747.0,-49679.0,0.0,113851.0,14615.0,-43876460.0,-9210510.0,54248751.0,-172895.0,1893285.0,-7571767.0
2020-08-03,56800.0,-1100.0,-0.01899827288428324,21043336.0,4711145.0,-1606031.0,-3135997.0,-1368827.0,-5166.0,-131349.0,12430.0,18901.0,-159624.0,27604.0,0.0,-1996.0,32879.0,-39165315.0,-10816541.0,51112754.0,-1541722.0,1761936.0,-7731391.0
2020-08-04,57300.0,500.0,0.008802816901408494,19361375.0,1539298.0,-616365.0,-1190734.0,39099.0,-292674.0,148180.0,-1254.0,-40645.0,-430859.0,-38212.0,0.0,257967.0,9834.0,-37626017.0,-11432906.0,49922020.0,-1502623.0,1910116.0,-8162250.0
2020-08-05,56900.0,-400.0,-0.006980802792321161,17618660.0,4425163.0,-2882064.0,-1487521.0,-1185789.0,-180852.0,-372481.0,-25493.0,-686.0,-788614.0,-328149.0,0.0,-71112.0,15534.0,-33200854.0,-14314970.0,48434499.0,-2688412.0,1537635.0,-8950864.0
2020-08-06,58000.0,1100.0,0.019332161687170446,21302634.0,-782526.0,197252.0,611619.0,1303810.0,-262337.0,-249979.0,2788.0,-57787.0,-486556.0,-52687.0,0.0,-22678.0,-3667.0,-33983380.0,-14117718.0,49046118.0,-1384602.0,1287656.0,-9437420.0
2020-08-10,57800.0,300.0,-0.0034482758620689724,17246347.0,893367.0,-629096.0,-256221.0,-11825.0,-271359.0,-200364.0,-76691.0,-53672.0,26007.0,-41192.0,0.0,-21875.0,13825.0,-33090013.0,-14746814.0,48789897.0,-1396427.0,1087292.0,-9411413.0
2020-08-11,58200.0,400.0,0.006920415224913601,24775811.0,-1994447.0,899558.0,1310013.0,1650240.0,-149528.0,-174950.0,10826.0,-102961.0,-406737.0,72668.0,0.0,-190152.0,-24972.0,-35084460.0,-13847256.0,50099910.0,253813.0,912342.0,-9818150.0
2020-08-12,59000.0,800.0,0.013745704467353903,18016050.0,-237864.0,-49276.0,169423.0,-160279.0,172874.0,55566.0,44500.0,6476.0,-289028.0,120615.0,0.0,126396.0,-8679.0,-35322324.0,-13896532.0,50269333.0,93534.0,967908.0,-10107178.0
2020-08-13,58700.0,-300.0,-0.005084745762711895,21692710.0,1071592.0,236621.0,-1340753.0,1382715.0,-87989.0,-864274.0,-17.0,-27842.0,-156230.0,-9742.0,0.0,24883.0,7657.0,-34250732.0,-13659911.0,48928580.0,1476249.0,103634.0,-10263408.0
2020-08-14,58000.0,-700.0,-0.011925042589437829,15606171.0,881558.0,641312.0,-1232536.0,1833531.0,41966.0,-312864.0,-2621.0,-42598.0,-639732.0,-236370.0,0.0,-279113.0,-11221.0,-33369174.0,-13018599.0,47696044.0,3309780.0,-209230.0,-10903140.0
2020-08-18,58400.0,400.0,0.006896551724137945,24858087.0,-4784360.0,3608252.0,1259980.0,3632394.0,196578.0,-132054.0,0.0,-5015.0,-57073.0,-26578.0,0.0,-75011.0,-8861.0,-38153534.0,-9410347.0,48956024.0,6942174.0,-341284.0,-10960213.0
2020-08-19,57800.0,-600.0,-0.010273972602739767,16819789.0,1273654.0,-781911.0,-545239.0,192605.0,144291.0,-316269.0,64280.0,-19103.0,-812023.0,-35692.0,0.0,63502.0,-10006.0,-36879880.0,-10192258.0,48410785.0,7134779.0,-657553.0,-11772236.0
2020-08-20,55400.0,-2400.0,-0.04152249134948094,30225122.0,5594001.0,-5208396.0,-438121.0,-2742916.0,-608041.0,-607932.0,-19386.0,-11244.0,-917909.0,-300968.0,0.0,42638.0,9878.0,-31285879.0,-15400654.0,47972664.0,4391863.0,-1265485.0,-12690145.0
2020-08-21,55900.0,500.0,0.00902527075812265,21096514.0,448024.0,-1544147.0,1136340.0,-753.0,83286.0,-772111.0,160.0,1389.0,-953793.0,97675.0,0.0,-47163.0,6946.0,-30837855.0,-16944801.0,49109004.0,4391110.0,-2037596.0,-13643938.0
2020-08-24,56100.0,200.0,0.003577817531305927,14997974.0,850985.0,-1205429.0,175091.0,-165081.0,-33700.0,-440195.0,28023.0,-390.0,-480224.0,-113862.0,0.0,175910.0,3443.0,-29986870.0,-18150230.0,49284095.0,4226029.0,-2477791.0,-14124162.0
2020-08-25,56400.0,300.0,0.005347593582887722,13788348.0,850575.0,-1177626.0,216712.0,-944312.0,228419.0,-362822.0,-1080.0,16598.0,-71118.0,-43311.0,0.0,109748.0,591.0,-29136295.0,-19327856.0,49500807.0,3281717.0,-2840613.0,-14195280.0
2020-08-26,56400.0,0.0,0.0,17546302.0,2013294.0,-3209616.0,1104981.0,-1977766.0,-117242.0,-257100.0,17800.0,17164.0,-911771.0,19299.0,0.0,83430.0,7911.0,-27123001.0,-22537472.0,50605788.0,1303951.0,-3097713.0,-15107051.0
2020-08-27,55600.0,-800.0,-0.014184397163120588,15714205.0,2851620.0,-2838998.0,71310.0,-1847953.0,-102167.0,-283789.0,1083.0,35601.0,-615558.0,-26215.0,0.0,-93587.0,9655.0,-24271381.0,-25376470.0,50677098.0,-544002.0,-3381502.0,-15722609.0
2020-08-28,55400.0,-200.0,-0.003597122302158251,14537816.0,2361256.0,413036.0,-2722064.0,728634.0,-89418.0,-237273.0,-42569.0,-1.0,138765.0,-85102.0,0.0,-52062.0,-166.0,-21910125.0,-24963434.0,47955034.0,184632.0,-3618775.0,-15583844.0
2020-08-31,54000.0,-1400.0,-0.02527075812274371,31789741.0,10073515.0,-519962.0,-9870053.0,280959.0,22870.0,-266448.0,51637.0,34328.0,-505760.0,-137548.0,0.0,284699.0,31801.0,-11836610.0,-25483396.0,38084981.0,465591.0,-3885223.0,-16089604.0
2020-09-01,54200.0,200.0,0.0037037037037037646,17408133.0,2407598.0,-928223.0,-1512927.0,188064.0,12736.0,-223539.0,-201824.0,-9110.0,-704493.0,9943.0,0.0,25717.0,7835.0,-9429012.0,-26411619.0,36572054.0,653655.0,-4108762.0,-16794097.0
2020-09-02,54400.0,200.0,0.0036900369003689537,16676318.0,1114683.0,49529.0,-1254582.0,39780.0,-24390.0,41398.0,40072.0,2466.0,-60432.0,10635.0,0.0,71657.0,18713.0,-8314329.0,-26362090.0,35317472.0,693435.0,-4067364.0,-16854529.0
2020-09-03,56400.0,2000.0,0.03676470588235303,27156583.0,-4743532.0,275568.0,3974238.0,-185784.0,76175.0,-58063.0,4733.0,28601.0,25388.0,384518.0,0.0,477730.0,15996.0,-13057861.0,-26086522.0,39291710.0,507651.0,-4125427.0,-16829141.0
2020-09-04,55600.0,-800.0,-0.014184397163120588,21986983.0,4438323.0,-2514380.0,-1979260.0,-1865116.0,-131937.0,-27954.0,19271.0,3.0,-425380.0,-83267.0,0.0,23568.0,31749.0,-8619538.0,-28600902.0,37312450.0,-1357465.0,-4153381.0,-17254521.0
2020-09-07,56500.0,900.0,0.01618705035971213,18102674.0,874037.0,-877024.0,-75509.0,-863974.0,7113.0,24357.0,0.0,-12770.0,-103504.0,71754.0,0.0,78510.0,-14.0,-7745501.0,-29477926.0,37236941.0,-2221439.0,-4129024.0,-17358025.0
2020-09-08,58700.0,2200.0,0.038938053097345104,31269623.0,-7360242.0,2946568.0,4568526.0,825072.0,96045.0,74814.0,16402.0,3435.0,1510564.0,420236.0,0.0,-151366.0,-3486.0,-15105743.0,-26531358.0,41805467.0,-1396367.0,-4054210.0,-15847461.0
2020-09-09,58400.0,-300.0,-0.005110732538330498,30122134.0,-2735834.0,354515.0,2296962.0,142445.0,95954.0,-130738.0,56901.0,11296.0,252944.0,-74287.0,0.0,95459.0,-11102.0,-17841577.0,-26176843.0,44102429.0,-1253922.0,-4184948.0,-15594517.0
2020-09-10,59200.0,800.0,0.013698630136986356,29693451.0,-4004129.0,-1445843.0,5477890.0,-368520.0,81770.0,-267027.0,62176.0,2182.0,-854648.0,-101776.0,0.0,-13891.0,-14027.0,-21845706.0,-27622686.0,49580319.0,-1622442.0,-4451975.0,-16449165.0
2020-09-11,59000.0,-200.0,-0.0033783783783783994,15929736.0,1530732.0,-1083320.0,-645155.0,-608840.0,1323.0,59783.0,-1660.0,1619.0,-373087.0,-162458.0,0.0,194858.0,2885.0,-20314974.0,-28706006.0,48935164.0,-2231282.0,-4392192.0,-16822252.0
2020-09-14,60400.0,1400.0,0.023728813559322104,20474035.0,-2670179.0,1509263.0,1119123.0,1119919.0,383265.0,48608.0,19633.0,4281.0,-359473.0,293030.0,0.0,55986.0,-14193.0,-22985153.0,-27196743.0,50054287.0,-1111363.0,-4343584.0,-17181725.0
2020-09-16,61000.0,0.0,0.009933774834437026,0.0,0.0,0.0,0.0,0.0,0.0,0.0,0.0,0.0,0.0,0.0,0.0,0.0,0.0,-22985153.0,-27196743.0,50054287.0,-1111363.0,-4343584.0,-17181725.0
2020-09-17,59500.0,-1500.0,-0.024590163934426257,23779531.0,4173632.0,-2132400.0,-2094459.0,-1020172.0,-49219.0,-299125.0,3869.0,-731.0,-391307.0,-375715.0,0.0,59260.0,-6033.0,-18811521.0,-29329143.0,47959828.0,-2131535.0,-4642709.0,-17573032.0
2020-09-18,59300.0,-200.0,-0.003361344537815114,18633100.0,1405151.0,185887.0,-1869374.0,347804.0,-61059.0,-123446.0,8411.0,-363.0,127827.0,-113287.0,0.0,275964.0,2372.0,-17406370.0,-29143256.0,46090454.0,-1783731.0,-4766155.0,-17445205.0
2020-09-21,59200.0,-100.0,-0.001686340640809414,14946503.0,265846.0,633012.0,-916446.0,743723.0,-5383.0,-54556.0,3499.0,-8783.0,22799.0,-68287.0,0.0,28133.0,-10545.0,-17140524.0,-28510244.0,45174008.0,-1040008.0,-4820711.0,-17422406.0
2020-09-22,58200.0,-1000.0,-0.016891891891891886,20627851.0,3770654.0,-4025085.0,-46933.0,-2648373.0,17038.0,-167390.0,-29966.0,-28866.0,-911890.0,-255638.0,0.0,280076.0,21288.0,-13369870.0,-32535329.0,45127075.0,-3688381.0,-4988101.0,-18334296.0
2020-09-23,58600.0,400.0,0.0068728522336769515,20058187.0,1842736.0,-1796666.0,-137963.0,-2066302.0,-129583.0,21431.0,1932.0,11453.0,319262.0,45141.0,0.0,87954.0,3939.0,-11527134.0,-34331995.0,44989112.0,-5754683.0,-4966670.0,-18015034.0
2020-09-24,57800.0,-800.0,-0.013651877133105783,17494854.0,1538664.0,-294508.0,-1367181.0,-324489.0,267062.0,-36851.0,4260.0,39233.0,-33777.0,-209946.0,0.0,126469.0,-3444.0,-9988470.0,-34626503.0,43621931.0,-6079172.0,-5003521.0,-18048811.0
2020-09-25,57900.0,100.0,0.0017301038062282892,10579826.0,1168319.0,-215312.0,-956373.0,171088.0,-81573.0,-60756.0,-4268.0,-4851.0,-201269.0,-33683.0,0.0,-1121.0,4487.0,-8820151.0,-34841815.0,42665558.0,-5908084.0,-5064277.0,-18250080.0
2020-09-28,58200.0,300.0,0.005181347150259086,12562464.0,357013.0,1062192.0,-1466331.0,1457092.0,-201011.0,17931.0,7102.0,492.0,-203646.0,-15768.0,0.0,54419.0,-7293.0,-8463138.0,-33779623.0,41199227.0,-4450992.0,-5046346.0,-18453726.0
2020-09-29,58200.0,0.0,0.0,13543359.0,1249348.0,284086.0,-1560586.0,904754.0,-42592.0,-39370.0,0.0,-3.0,-635429.0,96726.0,0.0,20070.0,7082.0,-7213790.0,-33495537.0,39638641.0,-3546238.0,-5085716.0,-19089155.0
2020-10-05,58700.0,500.0,0.00859106529209619,19542770.0,-662532.0,1607465.0,-1007147.0,1348005.0,50818.0,71457.0,6110.0,4325.0,67669.0,59081.0,0.0,77786.0,-15572.0,-7876322.0,-31888072.0,38631494.0,-2198233.0,-5014259.0,-19021486.0
2020-10-06,59000.0,300.0,0.005110732538330387,14329382.0,-308500.0,-436400.0,758871.0,-298379.0,-111201.0,-108990.0,1294.0,186.0,60817.0,19873.0,0.0,-20172.0,6201.0,-8184822.0,-32324472.0,39390365.0,-2496612.0,-5123249.0,-18960669.0
2020-10-07,59900.0,900.0,0.015254237288135686,14721120.0,-3108440.0,1987096.0,1141178.0,1749969.0,5158.0,-198763.0,1599.0,718.0,424767.0,3648.0,0.0,-16283.0,-3551.0,-11293262.0,-30337376.0,40531543.0,-746643.0,-5322012.0,-18535902.0
2020-10-08,59700.0,-200.0,-0.0033388981636059967,24413778.0,-1480549.0,-3284895.0,4644857.0,-3553574.0,-78566.0,151614.0,-1192.0,-54290.0,317841.0,-66728.0,0.0,88619.0,31968.0,-12773811.0,-33622271.0,45176400.0,-4300217.0,-5170398.0,-18218061.0
2020-10-12,60400.0,700.0,0.011725293132328396,16060764.0,-3859909.0,752916.0,3187942.0,360477.0,20781.0,-44003.0,8449.0,-4989.0,370252.0,41949.0,0.0,-67051.0,-13898.0,-16633720.0,-32869355.0,48364342.0,-3939740.0,-5214401.0,-17847809.0
2020-10-13,60900.0,500.0,0.008278145695364225,19181007.0,-2788344.0,632200.0,2136894.0,-425045.0,2325.0,128287.0,135879.0,32996.0,624176.0,133582.0,0.0,22610.0,-3360.0,-19422064.0,-32237155.0,50501236.0,-4364785.0,-5086114.0,-17223633.0
2020-10-14,60900.0,0.0,0.0,14075035.0,-1416191.0,-198782.0,1880565.0,-685392.0,59119.0,166596.0,19805.0,17937.0,89067.0,134086.0,0.0,-267903.0,2311.0,-20838255.0,-32435937.0,52381801.0,-5050177.0,-4919518.0,-17134566.0
2020-10-15,60000.0,-900.0,-0.014778325123152691,17618164.0,1235327.0,-250701.0,-832479.0,-257435.0,72904.0,3788.0,-3000.0,-24165.0,-33411.0,-9382.0,0.0,-154100.0,1953.0,-19602928.0,-32686638.0,51549322.0,-5307612.0,-4915730.0,-17167977.0
2020-10-16,59500.0,-500.0,-0.008333333333333304,16032796.0,424190.0,122602.0,-566793.0,608554.0,-42772.0,-154204.0,0.0,-753.0,-238931.0,-49292.0,0.0,22096.0,-2095.0,-19178738.0,-32564036.0,50982529.0,-4699058.0,-5069934.0,-17406908.0
2020-10-19,60000.0,500.0,0.008403361344537785,14051333.0,-1020785.0,876023.0,333398.0,2269397.0,-97819.0,-8520.0,-4106.0,29831.0,-1262583.0,-50177.0,0.0,-188060.0,-576.0,-20199523.0,-31688013.0,51315927.0,-2429661.0,-5078454.0,-18669491.0
2020-10-20,60900.0,900.0,0.014999999999999902,18909504.0,-6345559.0,1650973.0,4829377.0,821613.0,-112701.0,105750.0,876.0,8341.0,767551.0,59543.0,0.0,-121052.0,-13739.0,-26545082.0,-30037040.0,56145304.0,-1608048.0,-4972704.0,-17901940.0
2020-10-21,60900.0,0.0,0.0,15440980.0,-909374.0,-443115.0,1477186.0,668826.0,1104.0,-31256.0,-5029.0,-10403.0,-1002467.0,-63890.0,0.0,-119599.0,-5098.0,-27454456.0,-30480155.0,57622490.0,-939222.0,-5003960.0,-18904407.0
2020-10-22,60100.0,-800.0,-0.013136288998357948,13383737.0,2663008.0,84990.0,-2681294.0,152324.0,56322.0,-218421.0,-2777.0,36284.0,132091.0,-70833.0,0.0,-66559.0,-145.0,-24791448.0,-30395165.0,54941196.0,-786898.0,-5222381.0,-18772316.0
2020-10-23,60200.0,100.0,0.0016638935108153063,8445633.0,207887.0,-93602.0,-145557.0,91395.0,-102247.0,10527.0,8731.0,3230.0,-119722.0,14484.0,0.0,29001.0,2271.0,-24583561.0,-30488767.0,54795639.0,-695503.0,-5211854.0,-18892038.0
2020-10-27,60400.0,0.0,0.0033222591362125353,0.0,0.0,0.0,0.0,0.0,0.0,0.0,0.0,0.0,0.0,0.0,0.0,0.0,0.0,-24583561.0,-30488767.0,54795639.0,-695503.0,-5211854.0,-18892038.0
2020-10-28,59000.0,-800.0,-0.023178807947019875,14264470.0,3476378.0,-2039450.0,-1329714.0,-1144111.0,-181667.0,-194309.0,2842.0,-15421.0,-437766.0,-69018.0,0.0,-118714.0,11500.0,-21107183.0,-32528217.0,53465925.0,-1839614.0,-5406163.0,-19329804.0
2020-10-29,58100.0,-900.0,-0.015254237288135575,22403050.0,7385416.0,-4556269.0,-2951286.0,-3011093.0,-121769.0,-209597.0,29662.0,-49338.0,-1017989.0,-176145.0,0.0,95695.0,26444.0,-13721767.0,-37084486.0,50514639.0,-4850707.0,-5615760.0,-20347793.0
2020-10-30,56600.0,-1500.0,-0.025817555938037917,26296171.0,8961657.0,-2678024.0,-6421539.0,-2291582.0,-45554.0,-116407.0,-17147.0,1701.0,-13573.0,-195462.0,0.0,102632.0,35274.0,-4760110.0,-39762510.0,44093100.0,-7142289.0,-5732167.0,-20361366.0
2020-11-02,57400.0,800.0,0.014134275618374659,20428809.0,1198070.0,-806123.0,-442384.0,-429454.0,-26649.0,-126947.0,-2385.0,9999.0,-161274.0,-69413.0,0.0,39855.0,10582.0,-3562040.0,-40568633.0,43650716.0,-7571743.0,-5859114.0,-20522640.0
2020-11-03,58800.0,1400.0,0.024390243902439046,14869677.0,-2386449.0,1879625.0,436701.0,1110299.0,1650.0,64925.0,-13158.0,29800.0,608421.0,77688.0,0.0,73473.0,-3350.0,-5948489.0,-38689008.0,44087417.0,-6461444.0,-5794189.0,-19914219.0
2020-11-04,58500.0,-300.0,-0.005102040816326481,21317741.0,2998743.0,2546446.0,-5722048.0,2247924.0,-69035.0,6698.0,5000.0,4889.0,340337.0,10633.0,0.0,167293.0,9566.0,-2949746.0,-36142562.0,38365369.0,-4213520.0,-5787491.0,-19573882.0
2020-11-06,60300.0,0.0,0.03076923076923066,0.0,0.0,0.0,0.0,0.0,0.0,0.0,0.0,0.0,0.0,0.0,0.0,0.0,0.0,-2949746.0,-36142562.0,38365369.0,-4213520.0,-5787491.0,-19573882.0
2020-11-09,60200.0,100.0,-0.0016583747927031434,15659851.0,-3040541.0,1002874.0,2158652.0,2490917.0,-270760.0,-82596.0,0.0,-33596.0,-1135869.0,34778.0,0.0,-98440.0,-22545.0,-5990287.0,-35139688.0,40524021.0,-1722603.0,-5870087.0,-20709751.0
2020-11-10,60200.0,0.0,0.0,18885918.0,1319176.0,-2212290.0,919419.0,-1093498.0,-72455.0,-352985.0,-18956.0,-600.0,-613787.0,-60009.0,0.0,-39304.0,12999.0,-4671111.0,-37351978.0,41443440.0,-2816101.0,-6223072.0,-21323538.0
2020-11-12,61300.0,0.0,0.0182724252491695,0.0,0.0,0.0,0.0,0.0,0.0,0.0,0.0,0.0,0.0,0.0,0.0,0.0,0.0,-4671111.0,-37351978.0,41443440.0,-2816101.0,-6223072.0,-21323538.0
2020-11-13,63200.0,2200.0,0.030995106035889064,31337336.0,-11282611.0,2565395.0,9284803.0,1121646.0,-60797.0,165114.0,39815.0,-62154.0,1039020.0,322751.0,0.0,-530207.0,-37380.0,-15953722.0,-34786583.0,50728243.0,-1694455.0,-6057958.0,-20284518.0
2020-11-16,66300.0,3100.0,0.049050632911392444,35420587.0,-5185788.0,-304780.0,5725658.0,499582.0,-245949.0,32173.0,-18666.0,-145236.0,-582770.0,156086.0,0.0,-160943.0,-74147.0,-21139510.0,-35091363.0,56453901.0,-1194873.0,-6025785.0,-20867288.0
2020-11-17,65700.0,-600.0,-0.009049773755656076,30020626.0,142703.0,-1768244.0,1430190.0,-1153732.0,-171036.0,-158121.0,-18818.0,-22282.0,-192592.0,-51663.0,0.0,188647.0,6704.0,-20996807.0,-36859607.0,57884091.0,-2348605.0,-6183906.0,-21059880.0
2020-11-18,64800.0,-900.0,-0.013698630136986356,22854354.0,1035596.0,369230.0,-1234311.0,646167.0,-109819.0,-341195.0,1637.0,-16567.0,264145.0,-75138.0,0.0,-180873.0,10358.0,-19961211.0,-36490377.0,56649780.0,-1702438.0,-6525101.0,-20795735.0
2020-11-19,64600.0,-200.0,-0.0030864197530864335,16460313.0,1580489.0,-966079.0,-697178.0,-647956.0,-47923.0,-1311.0,-15500.0,-22685.0,-266198.0,35494.0,0.0,72876.0,9892.0,-18380722.0,-37456456.0,55952602.0,-2350394.0,-6526412.0,-21061933.0
2020-11-20,64700.0,100.0,0.001547987616099089,14843267.0,1500572.0,-1149426.0,-446971.0,-181145.0,-191443.0,-375124.0,0.0,11470.0,-449255.0,36071.0,0.0,93119.0,2706.0,-16880150.0,-38605882.0,55505631.0,-2531539.0,-6901536.0,-21511188.0
2020-11-23,67500.0,2800.0,0.043276661514683123,26789214.0,-3898476.0,623560.0,3801764.0,685353.0,-235123.0,-305315.0,-1654.0,-18296.0,290480.0,208115.0,0.0,-478694.0,-48154.0,-20778626.0,-37982322.0,59307395.0,-1846186.0,-7206851.0,-21220708.0
2020-11-24,67700.0,200.0,0.002962962962963056,31886019.0,1057637.0,-2981358.0,2110398.0,-1229415.0,-210391.0,-150820.0,-10442.0,3119.0,-1299333.0,-84076.0,0.0,-192381.0,5704.0,-19720989.0,-40963680.0,61417793.0,-3075601.0,-7357671.0,-22520041.0
2020-11-25,66600.0,-1100.0,-0.01624815361890697,29810892.0,3885644.0,-1801131.0,-2136593.0,196130.0,-221381.0,-615401.0,-80.0,-13415.0,-904695.0,-242289.0,0.0,22576.0,29504.0,-15835345.0,-42764811.0,59281200.0,-2879471.0,-7973072.0,-23424736.0
2020-11-26,68000.0,1400.0,0.021021021021021102,18964281.0,592436.0,-2268749.0,1575675.0,-997827.0,-115628.0,-438900.0,13620.0,66133.0,-670112.0,-126035.0,0.0,101478.0,-840.0,-15242909.0,-45033560.0,60856875.0,-3877298.0,-8411972.0,-24094848.0
2020-11-27,68200.0,200.0,0.002941176470588225,13932960.0,1022918.0,-1441508.0,494407.0,-730040.0,-35713.0,-345930.0,11727.0,32517.0,-130461.0,-243608.0,0.0,-73967.0,-1850.0,-14219991.0,-46475068.0,61351282.0,-4607338.0,-8757902.0,-24225309.0
2020-11-30,66700.0,-1500.0,-0.021994134897360684,39869100.0,11311159.0,1051355.0,-12669699.0,1266175.0,-111357.0,-261680.0,58000.0,2592.0,-30806.0,128431.0,0.0,245708.0,61477.0,-2908832.0,-45423713.0,48681583.0,-3341163.0,-9019582.0,-24256115.0
2020-12-01,67800.0,1100.0,0.016491754122938573,21843060.0,-695386.0,1461898.0,-826018.0,1742014.0,-123043.0,-139903.0,106998.0,7983.0,-203934.0,71783.0,0.0,54161.0,5345.0,-3604218.0,-43961815.0,47855565.0,-1599149.0,-9159485.0,-24460049.0
2020-12-02,69500.0,1700.0,0.025073746312684442,27828951.0,-2068536.0,-555158.0,2766741.0,-459643.0,-83455.0,37827.0,-9847.0,-38323.0,53601.0,-55318.0,0.0,-120639.0,-22408.0,-5672754.0,-44516973.0,50622306.0,-2058792.0,-9121658.0,-24406448.0
2020-12-03,69800.0,300.0,0.004316546762589857,20938511.0,0.0,0.0,0.0,0.0,0.0,0.0,0.0,0.0,0.0,0.0,0.0,0.0,0.0,-5672754.0,-44516973.0,50622306.0,-2058792.0,-9121658.0,-24406448.0
2020-12-04,71500.0,1800.0,0.024355300859598916,27848879.0,-1668922.0,-787198.0,2669590.0,313364.0,-164154.0,310034.0,-18555.0,-69012.0,-1151929.0,-6946.0,0.0,-217555.0,4085.0,-7341676.0,-45304171.0,53291896.0,-1745428.0,-8811624.0,-25558377.0
2020-12-07,72900.0,1400.0,0.019580419580419672,28202555.0,2482805.0,-2772651.0,263736.0,-1898922.0,-130326.0,-373278.0,-31169.0,1456.0,-321133.0,-19279.0,0.0,9462.0,16648.0,-4858871.0,-48076822.0,53555632.0,-3644350.0,-9184902.0,-25879510.0
2020-12-08,71700.0,-1200.0,-0.016460905349794275,24838158.0,4258654.0,-816558.0,-3529279.0,85117.0,-244455.0,-5042.0,-9749.0,-12714.0,-474751.0,-154964.0,0.0,42733.0,44450.0,-600217.0,-48893380.0,50026353.0,-3559233.0,-9189944.0,-26354261.0
2020-12-09,73900.0,2200.0,0.030683403068340276,23946966.0,-759503.0,854313.0,-332634.0,2536689.0,-318056.0,3928.0,-9526.0,-22503.0,-1306505.0,-29714.0,0.0,238135.0,-311.0,-1359720.0,-48039067.0,49693719.0,-1022544.0,-9186016.0,-27660766.0
2020-12-10,72900.0,-1000.0,-0.013531799729364025,39679253.0,9252435.0,-1205970.0,-8224381.0,3247969.0,-313016.0,-1151570.0,34375.0,56358.0,-3193914.0,113828.0,0.0,166445.0,11471.0,7892715.0,-49245037.0,41469338.0,2225425.0,-10337586.0,-30854680.0
2020-12-11,73400.0,500.0,0.006858710562414272,18418509.0,2031631.0,23063.0,-1993916.0,1182201.0,-207774.0,-376053.0,10457.0,26133.0,-432847.0,-179054.0,0.0,-40369.0,-20409.0,9924346.0,-49221974.0,39475422.0,3407626.0,-10713639.0,-31287527.0
2020-12-14,73800.0,400.0,0.005449591280654031,21459035.0,2109719.0,-2043777.0,-157080.0,-1929346.0,-147706.0,29829.0,15581.0,19391.0,-56442.0,24916.0,0.0,59663.0,31475.0,12034065.0,-51265751.0,39318342.0,1478280.0,-10683810.0,-31343969.0
2020-12-15,73800.0,0.0,0.0,20481642.0,1768502.0,-692633.0,-1330709.0,113516.0,-250366.0,-53375.0,1164.0,-14747.0,-380397.0,-108428.0,0.0,253072.0,1768.0,13802567.0,-51958384.0,37987633.0,1591796.0,-10737185.0,-31724366.0
2020-12-16,73800.0,0.0,0.0,17367445.0,1714561.0,724395.0,-2134029.0,1096417.0,-259448.0,-48327.0,-80.0,4301.0,-52379.0,-16089.0,0.0,-303166.0,-1761.0,15517128.0,-51233989.0,35853604.0,2688213.0,-10785512.0,-31776745.0
2020-12-17,73300.0,-500.0,-0.006775067750677488,23452813.0,3105339.0,302723.0,-3524025.0,772290.0,-43865.0,-41929.0,-34381.0,5364.0,-164024.0,-190732.0,0.0,139554.0,-23591.0,18622467.0,-50931266.0,32329579.0,3460503.0,-10827441.0,-31940769.0
2020-12-18,73000.0,-300.0,-0.004092769440654842,17407388.0,1884061.0,-652395.0,-1013432.0,-286628.0,92617.0,-68946.0,-4505.0,49911.0,-471832.0,36988.0,0.0,-227119.0,8885.0,20506528.0,-51583661.0,31316147.0,3173875.0,-10896387.0,-32412601.0
2020-12-24,77800.0,3900.0,0.0657534246575342,32334756.0,-4022799.0,3776470.0,199907.0,3307663.0,45627.0,746575.0,-35339.0,-12093.0,-450965.0,175002.0,0.0,86437.0,-40015.0,16483729.0,-47807191.0,31516054.0,6481538.0,-10149812.0,-32863566.0
2020-12-28,78700.0,900.0,0.011568123393316254,38599829.0,201006.0,2404617.0,-2447730.0,3167640.0,71536.0,18265.0,4337.0,54465.0,-550913.0,-360713.0,0.0,-227821.0,69928.0,16684735.0,-45402574.0,29068324.0,9649178.0,-10131547.0,-33414479.0
2020-12-29,78300.0,-400.0,-0.0050825921219822545,30181655.0,9059266.0,-6146366.0,-3210243.0,-5363783.0,-188092.0,-154554.0,-16742.0,-30018.0,-228258.0,-164919.0,0.0,283977.0,13366.0,25744001.0,-51548940.0,25858081.0,4285395.0,-10286101.0,-33642737.0
2020-12-30,81000.0,2700.0,0.034482758620689724,29133607.0,-1150694.0,1206495.0,-332172.0,2655561.0,-299559.0,-284147.0,27463.0,12562.0,-823032.0,-82353.0,0.0,266184.0,10187.0,24593307.0,-50342445.0,25525909.0,6940956.0,-10570248.0,-34465769.0
2021-01-04,83000.0,2000.0,0.024691358024691468,38563442.0,8000051.0,-3964998.0,-4624794.0,-1385876.0,-452693.0,-787469.0,10210.0,15696.0,-1186608.0,-178258.0,0.0,588232.0,1509.0,32593358.0,-54307443.0,20901115.0,5555080.0,-11357717.0,-35652377.0
2021-01-05,83900.0,900.0,0.010843373493975905,35018308.0,7577410.0,-2464398.0,-5208585.0,-415269.0,-347536.0,-133779.0,-6082.0,3433.0,-1369008.0,-196157.0,0.0,87289.0,8284.0,40170768.0,-56771841.0,15692530.0,5139811.0,-11491496.0,-37021385.0
2021-01-06,82200.0,-1700.0,-0.020262216924910592,41192596.0,12147447.0,-5327007.0,-7010874.0,-2577001.0,-472371.0,-686691.0,-69014.0,2119.0,-1066696.0,-457353.0,0.0,163692.0,26742.0,52318215.0,-62098848.0,8681656.0,2562810.0,-12178187.0,-38088081.0
2021-01-07,82900.0,700.0,0.008515815085158085,32476624.0,-882680.0,3017285.0,-2357800.0,5799710.0,-393226.0,-208913.0,-26574.0,-18946.0,-2028028.0,-106738.0,0.0,212444.0,10751.0,51435535.0,-59081563.0,6323856.0,8362520.0,-12387100.0,-40116109.0
2021-01-08,88800.0,5900.0,0.07117008443908324,57532431.0,-2043945.0,-5053393.0,7065482.0,-1430976.0,-884852.0,-217571.0,-1686.0,59251.0,-2416791.0,-160768.0,0.0,17869.0,13987.0,49391590.0,-64134956.0,13389338.0,6931544.0,-12604671.0,-42532900.0
2021-01-11,91000.0,2200.0,0.024774774774774855,89491240.0,18777158.0,-13557804.0,-5434315.0,-7709342.0,-914967.0,-1230077.0,-1629.0,-3470.0,-2977837.0,-720482.0,0.0,172796.0,42165.0,68168748.0,-77692760.0,7955023.0,-777798.0,-13834748.0,-45510737.0
2021-01-12,90600.0,-400.0,-0.00439560439560438,48498840.0,8231254.0,-5884612.0,-2468688.0,-3464066.0,-407250.0,-808899.0,-23282.0,-75870.0,-800401.0,-304844.0,0.0,89629.0,32417.0,76400002.0,-83577372.0,5486335.0,-4241864.0,-14643647.0,-46311138.0
2021-01-13,89700.0,-900.0,-0.009933774834437137,34228546.0,4557102.0,-1781416.0,-2868617.0,887605.0,-341242.0,-1317182.0,-41792.0,-74559.0,-614182.0,-280064.0,0.0,83808.0,9123.0,80957104.0,-85358788.0,2617718.0,-3354259.0,-15960829.0,-46925320.0
2021-01-14,89700.0,0.0,0.0,26153521.0,3245719.0,-5820240.0,2677986.0,-2860119.0,-289043.0,-623762.0,-12759.0,-2194.0,-2045379.0,13016.0,0.0,-124713.0,21248.0,84202823.0,-91179028.0,5295704.0,-6214378.0,-16584591.0,-48970699.0
2021-01-15,88000.0,-1700.0,-0.018952062430323324,33137048.0,7510662.0,-4949552.0,-2868167.0,-2641613.0,-207991.0,-391022.0,9332.0,-21845.0,-1652073.0,-44340.0,0.0,288302.0,18755.0,91713485.0,-96128580.0,2427537.0,-8855991.0,-16975613.0,-50622772.0
2021-01-18,85000.0,-3000.0,-0.03409090909090906,42680378.0,145338.0,567986.0,-974557.0,1404031.0,-219138.0,-99528.0,3062.0,-1066.0,-521745.0,2370.0,0.0,267410.0,-6177.0,91858823.0,-95560594.0,1452980.0,-7451960.0,-17075141.0,-51144517.0
2021-01-19,87000.0,2000.0,0.0235294117647058,39731437.0,-2041517.0,1136005.0,943412.0,3343357.0,11571.0,-29730.0,8209.0,22850.0,-2356559.0,136307.0,0.0,-34551.0,-3349.0,89817306.0,-94424589.0,2396392.0,-4108603.0,-17104871.0,-53501076.0
2021-01-20,87200.0,200.0,0.0022988505747125743,25133298.0,4906662.0,-4147006.0,-1037269.0,-2939147.0,-180577.0,-1601.0,-777.0,28359.0,-1040566.0,-12697.0,0.0,262608.0,15005.0,94723968.0,-98571595.0,1359123.0,-7047750.0,-17106472.0,-54541642.0
2021-01-21,88100.0,900.0,0.010321100917431103,23792670.0,3044025.0,-976386.0,-1756881.0,1088087.0,-331365.0,-168839.0,-200.0,-447.0,-1588910.0,25288.0,0.0,-325830.0,15072.0,97767993.0,-99547981.0,-397758.0,-5959663.0,-17275311.0,-56130552.0
2021-01-22,86800.0,-1300.0,-0.014755959137343955,30437467.0,9906145.0,-6441809.0,-3544718.0,-3402160.0,-318032.0,-517538.0,-11907.0,-11042.0,-1890810.0,-290320.0,0.0,55019.0,25363.0,107674138.0,-105989790.0,-3942476.0,-9361823.0,-17792849.0,-58021362.0
2021-01-25,89400.0,2600.0,0.02995391705069128,26776118.0,-4641732.0,3003588.0,1543737.0,2477266.0,-207176.0,156158.0,-27535.0,-44695.0,614203.0,35367.0,0.0,110223.0,-15816.0,103032406.0,-102986202.0,-2398739.0,-6884557.0,-17636691.0,-57407159.0
2021-01-26,86700.0,-2700.0,-0.030201342281879207,32680495.0,16594360.0,-8804820.0,-7915171.0,-3402183.0,-1048662.0,-855182.0,6196.0,31285.0,-2894174.0,-642100.0,0.0,101270.0,24361.0,119626766.0,-111791022.0,-10313910.0,-10286740.0,-18491873.0,-60301333.0
2021-01-27,85600.0,-1100.0,-0.012687427912341454,24499617.0,7118138.0,-2783367.0,-4291774.0,-549015.0,-108503.0,-476035.0,17800.0,8003.0,-1602799.0,-72818.0,0.0,-65324.0,22327.0,126744904.0,-114574389.0,-14605684.0,-10835755.0,-18967908.0,-61904132.0
2021-01-28,83700.0,-1900.0,-0.02219626168224298,31859808.0,9196981.0,-2224634.0,-6983117.0,-1040841.0,-179594.0,175142.0,39088.0,5151.0,-1151599.0,-71981.0,0.0,-32570.0,43340.0,135941885.0,-116799023.0,-21588801.0,-11876596.0,-18792766.0,-63055731.0
2021-01-29,82000.0,-1700.0,-0.020310633213859064,39615978.0,5296264.0,-39104.0,-5152101.0,360498.0,-48322.0,-173033.0,12859.0,18780.0,-267126.0,57240.0,0.0,-129476.0,24417.0,141238149.0,-116838127.0,-26740902.0,-11516098.0,-18965799.0,-63322857.0
2021-02-01,83000.0,1000.0,0.012195121951219523,28046832.0,1588594.0,522310.0,-2160807.0,2300533.0,-16999.0,60624.0,18374.0,-27338.0,-1924153.0,111269.0,0.0,35631.0,14272.0,142826743.0,-116315817.0,-28901709.0,-9215565.0,-18905175.0,-65247010.0
2021-02-02,84400.0,1400.0,0.01686746987951815,25975183.0,-798259.0,756323.0,-76162.0,1320492.0,-32302.0,164326.0,-10485.0,-18970.0,-791664.0,124926.0,0.0,110224.0,7874.0,142028484.0,-115559494.0,-28977871.0,-7895073.0,-18740849.0,-66038674.0
2021-02-03,84600.0,200.0,0.0023696682464455776,19966665.0,4447026.0,-3259609.0,-1317790.0,-1516086.0,102127.0,-119344.0,6150.0,-8232.0,-1640475.0,-83749.0,0.0,118657.0,11716.0,146475510.0,-118819103.0,-30295661.0,-9411159.0,-18860193.0,-67679149.0
2021-02-04,82500.0,-2100.0,-0.024822695035460973,23971636.0,10757698.0,-7312327.0,-3526489.0,-5260498.0,-59518.0,-457433.0,11730.0,-12880.0,-1263228.0,-270500.0,0.0,51180.0,29938.0,157233208.0,-126131430.0,-33822150.0,-14671657.0,-19317626.0,-68942377.0
2021-02-05,83500.0,1000.0,0.0121212121212122,17141513.0,-1431129.0,903763.0,358688.0,2509208.0,-248552.0,-205774.0,6805.0,-12947.0,-1130515.0,-14462.0,0.0,166655.0,2023.0,155802079.0,-125227667.0,-33463462.0,-12162449.0,-19523400.0,-70072892.0
2021-02-08,83000.0,-500.0,-0.005988023952095856,15202467.0,-638509.0,1031038.0,-215532.0,1608393.0,-125077.0,-162236.0,3801.0,0.0,-333269.0,39426.0,0.0,-174314.0,-2683.0,155163570.0,-124196629.0,-33678994.0,-10554056.0,-19685636.0,-70406161.0
2021-02-09,82700.0,-300.0,-0.0036144578313253017,20898332.0,2255309.0,-557102.0,-1867221.0,852245.0,7894.0,-171728.0,-239.0,9860.0,-1239342.0,-15792.0,0.0,164614.0,4400.0,157418879.0,-124753731.0,-35546215.0,-9701811.0,-19857364.0,-71645503.0
2021-02-10,81600.0,-1100.0,-0.013301088270858519,22614137.0,7407977.0,-4686913.0,-2836677.0,-1955533.0,-194430.0,-509848.0,3457.0,-1059.0,-1747724.0,-281776.0,0.0,102106.0,13507.0,164826856.0,-129440644.0,-38382892.0,-11657344.0,-20367212.0,-73393227.0
2021-02-15,84200.0,2600.0,0.031862745098039325,23286726.0,-3355813.0,-408779.0,3506147.0,11024.0,82193.0,-86193.0,-1709.0,9293.0,-574614.0,151227.0,0.0,251014.0,7431.0,161471043.0,-129849423.0,-34876745.0,-11646320.0,-20453405.0,-73967841.0
2021-02-16,84900.0,700.0,0.008313539192398967,20379824.0,571983.0,-2835543.0,2191156.0,-1033677.0,-36647.0,-326.0,-1867.0,7871.0,-1708339.0,-62558.0,0.0,62770.0,9634.0,162043026.0,-132684966.0,-32685589.0,-12679997.0,-20453731.0,-75676180.0
2021-02-17,83200.0,-1700.0,-0.020023557126030656,18180001.0,7422302.0,-5810315.0,-1738954.0,-3863159.0,3041.0,-216206.0,-177.0,-394.0,-1458507.0,-274913.0,0.0,108208.0,18759.0,169465328.0,-138495281.0,-34424543.0,-16543156.0,-20669937.0,-77134687.0
2021-02-18,82100.0,-1100.0,-0.013221153846153855,21073142.0,5979277.0,-3573301.0,-2482167.0,-1587490.0,-252488.0,-100931.0,2475.0,31310.0,-1630247.0,-35930.0,0.0,60282.0,15909.0,175444605.0,-142068582.0,-36906710.0,-18130646.0,-20770868.0,-78764934.0
2021-02-19,82600.0,500.0,0.006090133982947554,25880879.0,4505461.0,-287967.0,-4348495.0,299421.0,93348.0,-142653.0,49050.0,-8145.0,-564758.0,-14230.0,0.0,118629.0,12372.0,179950066.0,-142356549.0,-41255205.0,-17831225.0,-20913521.0,-79329692.0
2021-02-22,82200.0,-400.0,-0.004842615012106588,25210285.0,-276994.0,-732589.0,981394.0,396255.0,27489.0,-7622.0,20586.0,6059.0,-1206405.0,31049.0,0.0,11198.0,16991.0,179673072.0,-143089138.0,-40273811.0,-17434970.0,-20921143.0,-80536097.0
2021-02-23,82000.0,-200.0,-0.0024330900243308973,20543788.0,1462932.0,469908.0,-1921343.0,943215.0,-54462.0,62133.0,-40174.0,-3903.0,-352704.0,-84197.0,0.0,-16738.0,5241.0,181136004.0,-142619230.0,-42195154.0,-16491755.0,-20859010.0,-80888801.0
2021-02-24,82000.0,0.0,0.0,26807651.0,-2583278.0,1520115.0,1224136.0,1698748.0,32201.0,134194.0,-71420.0,14857.0,-350758.0,62293.0,0.0,-161269.0,296.0,178552726.0,-141099115.0,-40971018.0,-14793007.0,-20724816.0,-81239559.0
2021-02-25,85300.0,3300.0,0.040243902439024426,33785535.0,-13126391.0,4945831.0,8232261.0,4502175.0,-91226.0,124468.0,-4830.0,-17653.0,264996.0,167901.0,0.0,-13674.0,-38027.0,165426335.0,-136153284.0,-32738757.0,-10290832.0,-20600348.0,-80974563.0
2021-02-26,82500.0,-2800.0,-0.03282532239155922,36777917.0,13927611.0,-3330609.0,-10754599.0,-3577276.0,84197.0,-11845.0,110555.0,26067.0,-120149.0,157842.0,0.0,104013.0,53584.0,179353946.0,-139483893.0,-43493356.0,-13868108.0,-20612193.0,-81094712.0
2021-03-02,83600.0,1100.0,0.01333333333333342,33498180.0,-6011069.0,2546568.0,3575891.0,2881066.0,-155817.0,77341.0,-110773.0,-1000.0,-229740.0,85491.0,0.0,-89985.0,-21405.0,173342877.0,-136937325.0,-39917465.0,-10987042.0,-20534852.0,-81324452.0
2021-03-03,84000.0,400.0,0.004784688995215225,19882132.0,1411684.0,1239327.0,-2689989.0,2068812.0,-18845.0,-94790.0,6219.0,1832.0,-721440.0,-2461.0,0.0,31689.0,7289.0,174754561.0,-135697998.0,-42607454.0,-8918230.0,-20629642.0,-82045892.0
2021-03-04,82400.0,-1600.0,-0.01904761904761909,23283615.0,7985775.0,-5700214.0,-2421722.0,-4599066.0,7912.0,4580.0,67567.0,-500.0,-1130751.0,-49956.0,0.0,109181.0,26980.0,182740336.0,-141398212.0,-45029176.0,-13517296.0,-20625062.0,-83176643.0
2021-03-05,82100.0,-300.0,-0.00364077669902918,20357752.0,4326203.0,-2707010.0,-1594128.0,-1776076.0,49248.0,26115.0,6200.0,-1879.0,-976236.0,-34382.0,0.0,-37842.0,12777.0,187066539.0,-144105222.0,-46623304.0,-15293372.0,-20598947.0,-84152879.0
2021-03-08,82000.0,-100.0,-0.0012180267965895553,17641256.0,2656432.0,-1308012.0,-1175005.0,-368842.0,3886.0,4438.0,-2508.0,114.0,-997580.0,52480.0,0.0,-190929.0,17514.0,189722971.0,-145413234.0,-47798309.0,-15662214.0,-20594509.0,-85150459.0
2021-03-09,81400.0,-600.0,-0.007317073170731714,24298070.0,3383210.0,1329075.0,-4797048.0,1274865.0,58329.0,109139.0,-38513.0,-11502.0,4081.0,-67324.0,0.0,77168.0,7595.0,193106181.0,-144084159.0,-52595357.0,-14387349.0,-20485370.0,-85146378.0
2021-03-10,80900.0,-500.0,-0.00614250614250611,20038422.0,2812698.0,-1344528.0,-1581323.0,-51816.0,-49384.0,-32743.0,14456.0,-498.0,-1227446.0,2903.0,0.0,101864.0,11289.0,195918879.0,-145428687.0,-54176680.0,-14439165.0,-20518113.0,-86373824.0
2021-03-11,82000.0,1100.0,0.013597033374536549,23625532.0,-3214514.0,-2693744.0,6001813.0,-1402996.0,-78444.0,-102467.0,59200.0,743.0,-1196300.0,26520.0,0.0,-84695.0,-8860.0,192704365.0,-148122431.0,-48174867.0,-15842161.0,-20620580.0,-87570124.0
2021-03-12,82800.0,800.0,0.009756097560975618,13416929.0,-2008206.0,-266468.0,2208191.0,484535.0,-21308.0,13719.0,-2000.0,122.0,-748999.0,7463.0,0.0,70505.0,-4022.0,190696159.0,-148388899.0,-45966676.0,-15357626.0,-20606861.0,-88319123.0
2021-03-15,81800.0,-1000.0,-0.012077294685990392,13551683.0,4830565.0,-2461497.0,-2499839.0,-1741415.0,-149458.0,-217834.0,-4000.0,9802.0,-130462.0,-228130.0,0.0,108560.0,22211.0,195526724.0,-150850396.0,-48466515.0,-17099041.0,-20824695.0,-88449585.0
2021-03-16,82800.0,1000.0,0.012224938875305513,12160509.0,-2502719.0,1201417.0,1282313.0,465060.0,-7222.0,155963.0,-1452.0,-16963.0,515142.0,90889.0,0.0,29187.0,-10198.0,193024005.0,-149648979.0,-47184202.0,-16633981.0,-20668732.0,-87934443.0
2021-03-18,82900.0,600.0,0.0012077294685990392,18395511.0,-3223851.0,694672.0,2505929.0,1400733.0,-36670.0,-2912.0,-11453.0,-853.0,-910936.0,256763.0,0.0,32132.0,-8882.0,189800154.0,-148954307.0,-44678273.0,-15233248.0,-20671644.0,-88845379.0
2021-03-19,81900.0,-1000.0,-0.012062726176115812,15869700.0,5552887.0,-4105950.0,-1452191.0,-2465460.0,16281.0,-447350.0,1000.0,-49765.0,-1043351.0,-117305.0,0.0,-3382.0,8636.0,195353041.0,-153060257.0,-46130464.0,-17698708.0,-21118994.0,-89888730.0
2021-03-22,82000.0,100.0,0.0012210012210012167,12670506.0,1493488.0,-463747.0,-1088660.0,708525.0,-16381.0,-107646.0,-29131.0,-400.0,-943681.0,-75033.0,0.0,54282.0,4637.0,196846529.0,-153524004.0,-47219124.0,-16990183.0,-21226640.0,-90832411.0
2021-03-23,81800.0,-200.0,-0.0024390243902439046,13187152.0,1460742.0,-1175457.0,-290095.0,234057.0,16126.0,-90716.0,6000.0,20487.0,-1332863.0,-28548.0,0.0,-6123.0,10933.0,198307271.0,-154699461.0,-47509219.0,-16756126.0,-21317356.0,-92165274.0
2021-03-24,81000.0,-800.0,-0.009779951100244544,17836655.0,5549818.0,-2499728.0,-3125420.0,-265248.0,-85331.0,-613655.0,-3388.0,-11310.0,-1334774.0,-186022.0,0.0,59796.0,15534.0,203857089.0,-157199189.0,-50634639.0,-17021374.0,-21931011.0,-93500048.0
2021-03-25,81200.0,200.0,0.0024691358024691024,14656438.0,266104.0,-414475.0,124920.0,670224.0,-46237.0,-80265.0,-757.0,336.0,-948008.0,-9768.0,0.0,20868.0,2583.0,204123193.0,-157613664.0,-50509719.0,-16351150.0,-22011276.0,-94448056.0
2021-03-26,81500.0,300.0,0.003694581280788256,12738173.0,2246397.0,-371272.0,-1895763.0,516397.0,-47119.0,-344840.0,3807.0,-1465.0,-541541.0,43489.0,0.0,14792.0,5846.0,206369590.0,-157984936.0,-52405482.0,-15834753.0,-22356116.0,-94989597.0
2021-03-29,81600.0,100.0,0.0012269938650306678,14952134.0,2053933.0,-2417140.0,303723.0,-1253656.0,-31936.0,-249886.0,8597.0,-720.0,-873555.0,-15984.0,0.0,33685.0,25799.0,208423523.0,-160402076.0,-52101759.0,-17088409.0,-22606002.0,-95863152.0
2021-03-30,82200.0,600.0,0.007352941176470562,13054254.0,-2494715.0,349886.0,2093239.0,938887.0,-8200.0,-172538.0,7000.0,-12339.0,-359857.0,-43067.0,0.0,76551.0,-24961.0,205928808.0,-160052190.0,-50008520.0,-16149522.0,-22778540.0,-96223009.0
2021-03-31,81400.0,-800.0,-0.009732360097323589,16981909.0,2831823.0,-1256297.0,-1660230.0,-840001.0,-92392.0,-33441.0,33220.0,18440.0,-346746.0,4623.0,0.0,74535.0,10169.0,208760631.0,-161308487.0,-51668750.0,-16989523.0,-22811981.0,-96569755.0
2021-04-01,82900.0,1500.0,0.01842751842751844,18676461.0,-4334023.0,571179.0,3758423.0,285217.0,2581.0,153609.0,1278.0,12649.0,-105768.0,221613.0,0.0,10185.0,-5764.0,204426608.0,-160737308.0,-47910327.0,-16704306.0,-22658372.0,-96675523.0
2021-04-02,84800.0,1900.0,0.022919179734619988,22997538.0,-8858133.0,2812162.0,5956557.0,2489787.0,46997.0,357660.0,-4664.0,33733.0,-174492.0,63141.0,0.0,118350.0,-28936.0,195568475.0,-157925146.0,-41953770.0,-14214519.0,-22300712.0,-96850015.0
2021-04-05,85400.0,600.0,0.007075471698113178,16182209.0,1093178.0,-1472642.0,313765.0,-789009.0,-998.0,51339.0,236.0,12045.0,-728859.0,-17396.0,0.0,63086.0,2613.0,196661653.0,-159397788.0,-41640005.0,-15003528.0,-22249373.0,-97578874.0
2021-04-06,86000.0,600.0,0.007025761124121788,18930509.0,-546534.0,-2486942.0,3073724.0,-1573905.0,-133461.0,-4408.0,-939.0,-4647.0,-858115.0,88533.0,0.0,-47705.0,7457.0,196115119.0,-161884730.0,-38566281.0,-16577433.0,-22253781.0,-98436989.0
2021-04-07,85600.0,-400.0,-0.0046511627906976605,17749590.0,482371.0,-1804545.0,1288130.0,-385562.0,-183892.0,-214504.0,-26377.0,-52667.0,-895753.0,-45790.0,0.0,24556.0,9488.0,196597490.0,-163689275.0,-37278151.0,-16962995.0,-22468285.0,-99332742.0
2021-04-08,84700.0,-900.0,-0.010514018691588745,19175436.0,4305542.0,-3187714.0,-1201070.0,-1243668.0,-141062.0,-277820.0,6780.0,-15684.0,-1236950.0,-279310.0,0.0,73499.0,9743.0,200903032.0,-166876989.0,-38479221.0,-18206663.0,-22746105.0,-100569692.0
2021-04-09,83600.0,-1100.0,-0.012987012987012991,18193707.0,5045578.0,-3150053.0,-2031410.0,-1765869.0,-96549.0,-180007.0,-160094.0,46954.0,-987472.0,-7016.0,0.0,119833.0,16052.0,205948610.0,-170027042.0,-40510631.0,-19972532.0,-22926112.0,-101557164.0
2021-04-12,83200.0,-400.0,-0.004784688995215336,12781974.0,2998603.0,-2201245.0,-825879.0,-964016.0,-125585.0,-103448.0,-16844.0,4145.0,-943380.0,-52117.0,0.0,21371.0,7150.0,208947213.0,-172228287.0,-41336510.0,-20936548.0,-23029560.0,-102500544.0
2021-04-13,84000.0,800.0,0.009615384615384581,15029593.0,-716422.0,-424516.0,942963.0,571351.0,13936.0,-117366.0,-95253.0,-897.0,-823231.0,26944.0,0.0,198600.0,-625.0,208230791.0,-172652803.0,-40393547.0,-20365197.0,-23146926.0,-103323775.0
2021-04-14,84000.0,0.0,0.0,13754694.0,434077.0,-5082.0,-597118.0,1264408.0,-76972.0,-254989.0,-58447.0,2189.0,-879144.0,-2127.0,0.0,177305.0,-9182.0,208664868.0,-172657885.0,-40990665.0,-19100789.0,-23401915.0,-104202919.0
2021-04-15,84100.0,100.0,0.0011904761904761862,16319105.0,-37455.0,-1441131.0,1370425.0,-302478.0,-115176.0,-102740.0,48335.0,-28990.0,-933007.0,-7075.0,0.0,112485.0,-4324.0,208627413.0,-174099016.0,-39620240.0,-19403267.0,-23504655.0,-105135926.0
2021-04-16,83900.0,-200.0,-0.0023781212841854638,15344884.0,2672940.0,-2614523.0,-80381.0,-1885820.0,-95605.0,-312116.0,-96900.0,1022.0,-182160.0,-42944.0,0.0,10147.0,11817.0,211300353.0,-176713539.0,-39700621.0,-21289087.0,-23816771.0,-105318086.0
2021-04-19,83300.0,-600.0,-0.007151370679380209,15287311.0,4327399.0,-1442072.0,-3150668.0,51024.0,-75119.0,-410340.0,-21301.0,11507.0,-1011542.0,13699.0,0.0,252420.0,12921.0,215627752.0,-178155611.0,-42851289.0,-21238063.0,-24227111.0,-106329628.0
2021-04-20,83900.0,600.0,0.007202881152460927,15299854.0,-703092.0,-542124.0,1161118.0,763851.0,93112.0,-197216.0,-8495.0,-1676.0,-1040187.0,-151513.0,0.0,84990.0,-892.0,214924660.0,-178697735.0,-41690171.0,-20474212.0,-24424327.0,-107369815.0
2021-04-21,82600.0,-1300.0,-0.015494636471990453,21616401.0,8844018.0,-4721691.0,-4082424.0,-3067586.0,-128809.0,-239503.0,-2803.0,37548.0,-981358.0,-339180.0,0.0,-65677.0,25774.0,223768678.0,-183419426.0,-45772595.0,-23541798.0,-24663830.0,-108351173.0
2021-04-22,82400.0,-200.0,-0.002421307506053294,13851960.0,4191550.0,-1695106.0,-2498598.0,-369175.0,-144147.0,-56584.0,-6164.0,2459.0,-1112082.0,-9413.0,0.0,-15286.0,17440.0,227960228.0,-185114532.0,-48271193.0,-23910973.0,-24720414.0,-109463255.0
2021-04-23,82800.0,400.0,0.004854368932038833,17747565.0,1465185.0,-1146201.0,-385916.0,-75363.0,-103759.0,-29714.0,-9500.0,15966.0,-973230.0,29399.0,0.0,64264.0,2668.0,229425413.0,-186260733.0,-48657109.0,-23986336.0,-24750128.0,-110436485.0
2021-04-26,83500.0,700.0,0.008454106280193274,15330367.0,-1107350.0,-994055.0,2107030.0,-148735.0,-43085.0,11785.0,301.0,9496.0,-922815.0,98998.0,0.0,-2033.0,-3592.0,228318063.0,-187254788.0,-46550079.0,-24135071.0,-24738343.0,-111359300.0
2021-04-27,82900.0,-600.0,-0.007185628742514938,12897659.0,2662538.0,-752816.0,-1892429.0,311400.0,-226160.0,-139283.0,328.0,3700.0,-720900.0,18099.0,0.0,-26486.0,9193.0,230980601.0,-188007604.0,-48442508.0,-23823671.0,-24877626.0,-112080200.0
2021-04-28,82100.0,-800.0,-0.00965018094089265,15280043.0,3534677.0,-1975073.0,-1573550.0,-347599.0,-77839.0,-656717.0,-2277.0,8875.0,-785088.0,-114428.0,0.0,5259.0,8687.0,234515278.0,-189982677.0,-50016058.0,-24171270.0,-25534343.0,-112865288.0
2021-04-29,81700.0,-400.0,-0.00487210718635811,19931400.0,4161895.0,-293586.0,-4145803.0,350503.0,6379.0,12035.0,-131500.0,8317.0,-607172.0,67852.0,0.0,265536.0,11958.0,238677173.0,-190276263.0,-54161861.0,-23820767.0,-25522308.0,-113472460.0
2021-04-30,81500.0,-200.0,-0.002447980416156681,17268086.0,3233225.0,-398797.0,-2827294.0,-285119.0,30085.0,185879.0,-12708.0,32029.0,-271502.0,-77461.0,0.0,-18152.0,11018.0,241910398.0,-190675060.0,-56989155.0,-24105886.0,-25336429.0,-113743962.0
2021-05-03,81700.0,200.0,0.0024539877300613355,15581313.0,1644467.0,-396646.0,-990189.0,-239545.0,-50045.0,133624.0,4638.0,5015.0,-260788.0,10455.0,0.0,-255274.0,-2358.0,243554865.0,-191071706.0,-57979344.0,-24345431.0,-25202805.0,-114004750.0
2021-05-04,82600.0,900.0,0.01101591187270512,12296476.0,-1016761.0,465172.0,397872.0,175603.0,-45596.0,251759.0,6551.0,-7375.0,-68558.0,152788.0,0.0,153597.0,120.0,242538104.0,-190606534.0,-57581472.0,-24169828.0,-24951046.0,-114073308.0
2021-05-06,82300.0,-300.0,-0.003631961259079941,16853114.0,2620502.0,-88483.0,-2573640.0,727329.0,-86245.0,-104436.0,-2803.0,0.0,-734699.0,112371.0,0.0,37832.0,3789.0,245158606.0,-190695017.0,-60155112.0,-23442499.0,-25055482.0,-114808007.0
2021-05-10,83200.0,1300.0,0.010935601458080146,19326107.0,-3379529.0,2423072.0,957270.0,2723756.0,23730.0,-84336.0,20201.0,-1900.0,-572826.0,314447.0,0.0,9881.0,-10694.0,241779077.0,-188271945.0,-59197842.0,-20718743.0,-25139818.0,-115380833.0
2021-05-11,81200.0,-2000.0,-0.024038461538461564,28824361.0,15509555.0,-6041722.0,-9680493.0,-4031375.0,-186547.0,-385193.0,4264.0,17437.0,-1471437.0,11129.0,0.0,173417.0,39243.0,257288632.0,-194313667.0,-68878335.0,-24750118.0,-25525011.0,-116852270.0
2021-05-12,80000.0,-1200.0,-0.014778325123152691,35770783.0,16390142.0,-1986451.0,-14203285.0,-1079530.0,-133306.0,-197146.0,-55877.0,1675.0,-428887.0,-93380.0,0.0,-245746.0,45340.0,273678774.0,-196300118.0,-83081620.0,-25829648.0,-25722157.0,-117281157.0
2021-05-13,78500.0,-1500.0,-0.018750000000000044,31057718.0,10011342.0,-400613.0,-9776037.0,660649.0,-51501.0,-61942.0,1381.0,15481.0,-968585.0,3904.0,0.0,134847.0,30461.0,283690116.0,-196700731.0,-92857657.0,-25168999.0,-25784099.0,-118249742.0
2021-05-14,80100.0,1600.0,0.020382165605095537,16381023.0,338988.0,-221647.0,-278410.0,-554617.0,62095.0,185920.0,-726.0,54343.0,-95035.0,126373.0,0.0,157031.0,4038.0,284029104.0,-196922378.0,-93136067.0,-25723616.0,-25598179.0,-118344777.0
2021-05-17,79600.0,-500.0,-0.006242197253433224,17547476.0,3803133.0,-142672.0,-3647643.0,-321145.0,1186.0,52444.0,-850.0,11888.0,8513.0,105292.0,0.0,-24542.0,11724.0,287832237.0,-197065050.0,-96783710.0,-26044761.0,-25545735.0,-118336264.0
2021-05-18,79600.0,0.0,0.0,17278102.0,2681492.0,2796953.0,-5583468.0,3402466.0,-18057.0,-41024.0,-450.0,3589.0,-470101.0,-79470.0,0.0,99789.0,5234.0,290513729.0,-194268097.0,-102367178.0,-22642295.0,-25586759.0,-118806365.0
2021-05-20,79500.0,-100.0,-0.0012562814070351536,15080075.0,2030348.0,-437430.0,-1619290.0,-302731.0,-179127.0,71963.0,3000.0,22220.0,-133872.0,81117.0,0.0,11588.0,14784.0,292544077.0,-194705527.0,-103986468.0,-22945026.0,-25514796.0,-118940237.0
2021-05-21,80100.0,600.0,0.007547169811320753,20805901.0,-1075364.0,716516.0,313353.0,584285.0,33949.0,267725.0,687.0,10773.0,-283377.0,102474.0,0.0,54815.0,-9320.0,291468713.0,-193989011.0,-103673115.0,-22360741.0,-25247071.0,-119223614.0
2021-05-24,79700.0,-400.0,-0.004993757802746579,13365095.0,2228946.0,-623218.0,-1624858.0,-195393.0,-22226.0,-48003.0,-4188.0,10992.0,-413672.0,49272.0,0.0,17126.0,2004.0,293697659.0,-194612229.0,-105297973.0,-22556134.0,-25295074.0,-119637286.0
2021-05-26,79800.0,-100.0,0.0012547051442910462,11984359.0,488327.0,240091.0,-542578.0,590821.0,9203.0,-122919.0,-9495.0,-297.0,-284699.0,57477.0,0.0,-184847.0,-993.0,294185986.0,-194372138.0,-105840551.0,-21965313.0,-25417993.0,-119921985.0
2021-05-27,79600.0,-200.0,-0.0025062656641604564,21887475.0,2095135.0,7201.0,-2105938.0,311152.0,-49824.0,-135629.0,-1804.0,3770.0,-197725.0,77261.0,0.0,-46.0,3648.0,296281121.0,-194364937.0,-107946489.0,-21654161.0,-25553622.0,-120119710.0
2021-05-28,80100.0,500.0,0.00628140703517599,12279093.0,-1659298.0,1952724.0,-321691.0,1958991.0,6501.0,36817.0,-9689.0,-486.0,-192527.0,153117.0,0.0,24484.0,3781.0,294621823.0,-192412213.0,-108268180.0,-19695170.0,-25516805.0,-120312237.0
2021-06-01,80600.0,100.0,0.006242197253433224,13981889.0,-1705144.0,1633663.0,25982.0,2220603.0,-230577.0,-114807.0,-32051.0,11592.0,-248815.0,27718.0,0.0,55404.0,-9905.0,292916679.0,-190778550.0,-108242198.0,-17474567.0,-25631612.0,-120561052.0
2021-06-02,80800.0,200.0,0.002481389578163684,16335957.0,-706035.0,-911124.0,1615609.0,-344341.0,-79402.0,-111233.0,-30931.0,-3530.0,-241660.0,-100027.0,0.0,10560.0,-9010.0,292210644.0,-191689674.0,-106626589.0,-17818908.0,-25742845.0,-120802712.0
2021-06-03,82800.0,2000.0,0.024752475247524774,29348946.0,-9843997.0,4580846.0,5260172.0,2584838.0,74028.0,570053.0,22339.0,-1437.0,886462.0,444563.0,0.0,30344.0,-27365.0,282366647.0,-187108828.0,-101366417.0,-15234070.0,-25172792.0,-119916250.0
2021-06-04,82200.0,-600.0,-0.007246376811594235,18057206.0,1543211.0,-2507491.0,925085.0,-2086710.0,43104.0,-48448.0,1727.0,9061.0,-592874.0,166649.0,0.0,48737.0,-9542.0,283909858.0,-189616319.0,-100441332.0,-17320780.0,-25221240.0,-120509124.0
2021-06-07,81900.0,-300.0,-0.0036496350364964014,16247617.0,1468704.0,-68971.0,-1455975.0,427931.0,-609.0,-17320.0,-825.0,-16468.0,-486893.0,25213.0,0.0,53560.0,2682.0,285378562.0,-189685290.0,-101897307.0,-16892849.0,-25238560.0,-120996017.0
2021-06-08,81900.0,0.0,0.0,12695104.0,-69056.0,1094118.0,-1039897.0,1339087.0,-21753.0,18066.0,0.0,-26151.0,-244053.0,28922.0,0.0,12209.0,2626.0,285309506.0,-188591172.0,-102937204.0,-15553762.0,-25220494.0,-121240070.0
2021-06-09,81100.0,-800.0,-0.009768009768009733,14863548.0,2210106.0,-2873669.0,521726.0,-1155842.0,-55414.0,-232775.0,-4325.0,3888.0,-1154261.0,-274940.0,0.0,133978.0,7859.0,287519612.0,-191464841.0,-102415478.0,-16709604.0,-25453269.0,-122394331.0
2021-06-10,81000.0,-100.0,-0.0012330456226880004,17539247.0,1854703.0,-4261614.0,2396820.0,-2521862.0,-35972.0,-448512.0,-70.0,-1058.0,-1409007.0,154867.0,0.0,2749.0,7342.0,289374315.0,-195726455.0,-100018658.0,-19231466.0,-25901781.0,-123803338.0
2021-06-11,81000.0,0.0,0.0,13824584.0,3071594.0,-479145.0,-3016103.0,449.0,64034.0,214.0,3861.0,215.0,-551262.0,3344.0,0.0,416554.0,7100.0,292445909.0,-196205600.0,-103034761.0,-19231017.0,-25901567.0,-124354600.0
2021-06-14,80500.0,-500.0,-0.006172839506172867,10162528.0,3276220.0,-2312346.0,-1003211.0,-947989.0,-20048.0,-149407.0,1078.0,27293.0,-1036626.0,-186647.0,0.0,26929.0,12408.0,295722129.0,-198517946.0,-104037972.0,-20179006.0,-26050974.0,-125391226.0
2021-06-15,80900.0,400.0,0.00496894409937898,9843142.0,412503.0,-858733.0,430637.0,-205763.0,-62089.0,106234.0,-39.0,-2351.0,-588619.0,-106106.0,0.0,14936.0,657.0,296134632.0,-199376679.0,-103607335.0,-20384769.0,-25944740.0,-125979845.0
2021-06-16,81800.0,900.0,0.011124845488257096,14592881.0,-2731344.0,-88825.0,2715940.0,-41061.0,-44742.0,-17353.0,-7943.0,2723.0,-31096.0,50647.0,0.0,114758.0,-10529.0,293403288.0,-199465504.0,-100891395.0,-20425830.0,-25962093.0,-126010941.0
2021-06-17,80900.0,-900.0,-0.011002444987775029,13502824.0,4374401.0,-2138323.0,-2289531.0,-1586761.0,12205.0,-112660.0,8141.0,412.0,-354306.0,-105354.0,0.0,31940.0,21513.0,297777689.0,-201603827.0,-103180926.0,-22012591.0,-26074753.0,-126365247.0
2021-06-18,80500.0,-400.0,-0.0049443757725586845,14624189.0,4935862.0,544482.0,-5592396.0,831326.0,-199399.0,65055.0,-4846.0,-710.0,-130826.0,-16118.0,0.0,94993.0,17059.0,302713551.0,-201059345.0,-108773322.0,-21181265.0,-26009698.0,-126496073.0
2021-06-21,79900.0,-600.0,-0.007453416149068359,16040634.0,7626744.0,-3286782.0,-4268991.0,-2016746.0,-63957.0,-24932.0,-6854.0,-3780.0,-1005888.0,-164625.0,0.0,-89829.0,18858.0,310340295.0,-204346127.0,-113042313.0,-23198011.0,-26034630.0,-127501961.0
2021-06-22,80000.0,100.0,0.0012515644555695093,11288541.0,1075836.0,-668376.0,-763027.0,-178972.0,-169329.0,5507.0,-1000.0,-473.0,-295927.0,-28182.0,0.0,354082.0,1485.0,311416131.0,-205014503.0,-113805340.0,-23376983.0,-26029123.0,-127797888.0
